position_id,instrument_id,asset_class,counterparty,currency,quantity,recorded_price,reference_price,valuation_date
POS-00001,CM-30U5E7-0000,Commodity,Citadel Markets,EUR,2523,1607.1939,1603.7434,2026-09-29
POS-00002,FI-S4NRBE-0001,Fixed Income,GlobalBank Corp,CHF,8133,90.981,91.1114,2026-09-29
POS-00003,DV-UMRG0L-0002,Derivative,GlobalBank Corp,USD,37160,41.221,41.5315,2026-09-29
POS-00004,FX-ONZFIV-0003,FX Forward,Fortress Capital,EUR/USD,2566135,1.961,1.9376,2026-09-29
POS-00005,EQ-NQ1PL1-0004,Equity,Fortress Capital,GBP,7555,323.8959,324.0354,2026-09-29
POS-00006,ST-NYH1SQ-0005,Structured,Pacific Securities,USD,8646,118.9853,119.5653,2026-09-29
POS-00007,CM-4H429X-0006,Commodity,Pacific Securities,EUR,4216,178.6149,178.4976,2026-09-29
POS-00008,CM-OBPRQ7-0007,Commodity,Pacific Securities,USD,1227,107.5565,108.4052,2026-09-29
POS-00009,EQ-6GKGR9-0008,Equity,Sterling Partners,EUR,237,128.8625,129.3971,2026-09-29
POS-00010,FI-D4WUXO-0009,Fixed Income,Fortress Capital,JPY,61769,97.6762,97.3322,2026-09-29
POS-00011,FI-C5M74L-0010,Fixed Income,Horizon Investments,JPY,69226,99.9421,100.0958,2026-09-29
POS-00012,ST-4KVE4N-0011,Structured,Apex Trading,EUR,17035,84.1694,84.1992,2026-09-29
POS-00013,FX-T97WWO-0012,FX Forward,Pacific Securities,EUR/USD,1727335,0.7868,0.7874,2026-09-29
POS-00014,DV-V7YQPL-0013,Derivative,Pacific Securities,USD,29964,14.5573,14.6231,2026-09-29
POS-00015,FI-SWZ92W-0014,Fixed Income,Northstar Financial,JPY,48273,106.7644,108.0666,2026-09-29
POS-00016,EQ-K8W2Q5-0015,Equity,Atlantic Capital,GBP,1229,224.6987,225.6435,2026-09-29
POS-00017,FX-8XP8D9-0016,FX Forward,Pacific Securities,GBP/USD,4116276,1.6216,1.625,2026-09-29
POS-00018,EQ-0AEKBS-0017,Equity,Eagle Point Trading,EUR,8762,235.7262,237.837,2026-09-29
POS-00019,DV-9IOC2X-0018,Derivative,Atlantic Capital,EUR,27066,46.4871,46.3104,2026-09-29
POS-00020,FX-2IBBN8-0019,FX Forward,GlobalBank Corp,GBP/USD,590947,1.5022,1.513,2026-09-29
POS-00021,CM-X1A500-0020,Commodity,Apex Trading,USD,4006,487.8942,484.3796,2026-09-29
POS-00022,FI-I4PA8S-0021,Fixed Income,Summit Financial,USD,68051,97.8253,98.0271,2026-09-29
POS-00023,ST-VYJIO4-0022,Structured,Horizon Investments,CHF,7286,91.0672,91.9577,2026-09-29
POS-00024,DV-QOEJT5-0023,Derivative,Citadel Markets,USD,9460,17.6217,17.7544,2026-09-29
POS-00025,CM-P3T9WK-0024,Commodity,Eagle Point Trading,USD,2045,1148.2237,1158.2464,2026-09-29
POS-00026,EQ-COR6HR-0025,Equity,Apex Trading,USD,1430,43.0377,42.9117,2026-09-29
POS-00027,FI-TAKQ8W-0026,Fixed Income,Northstar Financial,EUR,34985,109.1746,109.1842,2026-09-29
POS-00028,EQ-ST9KM6-0027,Equity,Apex Trading,USD,2427,454.2515,455.4418,2026-09-29
POS-00029,EQ-90HVWX-0028,Equity,GlobalBank Corp,USD,3063,168.3148,168.0213,2026-09-29
POS-00030,FX-M5AKCU-0029,FX Forward,Summit Financial,AUD/USD,2945833,1.1612,1.1576,2026-09-29
POS-00031,CM-289VYJ-0030,Commodity,Citadel Markets,CAD,1342,388.1839,386.6551,2026-09-29
POS-00032,ST-2LDPXL-0031,Structured,Emerald Trust,EUR,18725,80.5168,81.4337,2026-09-29
POS-00033,FI-P0DKBB-0032,Fixed Income,Summit Financial,USD,98475,100.8801,100.3218,2026-09-29
POS-00034,FI-QBB4EW-0033,Fixed Income,Apex Trading,USD,89881,94.4033,94.1404,2026-09-29
POS-00035,FI-ZROIOF-0034,Fixed Income,GlobalBank Corp,USD,42063,,90.0247,2026-09-29
POS-00036,EQ-5JRBLO-0035,Equity,Pinnacle Markets,JPY,4725,138.3467,137.5708,2026-09-29
POS-00037,EQ-4VI6R5-0036,Equity,Fortress Capital,USD,7465,463.2326,465.8885,2026-09-29
POS-00038,FI-LRQ5ZG-0037,Fixed Income,Pacific Securities,USD,32582,108.4622,108.3765,2026-09-29
POS-00039,EQ-E7G3BF-0038,Equity,Atlantic Capital,EUR,4807,287.4395,288.9139,2026-09-29
POS-00040,FX-IY4RAK-0039,FX Forward,Citadel Markets,USD/JPY,3114639,0.7427,0.7441,2026-09-29
POS-00041,FI-94KJI7-0040,Fixed Income,Sterling Partners,EUR,45991,110.3161,109.693,2026-09-29
POS-00042,DV-03FLT2-0041,Derivative,Atlantic Capital,USD,30076,21.3661,21.2873,2026-09-29
POS-00043,CM-3C5B0M-0042,Commodity,Apex Trading,USD,104,1104.3703,1455.863,2026-09-29
POS-00044,FI-K03LE6-0043,Fixed Income,Pacific Securities,USD,59789,92.3666,92.8744,2026-09-29
POS-00045,DV-CG2SE9-0044,Derivative,Summit Financial,USD,299,,49.6611,2026-09-29
POS-00046,DV-NEU6D5-0045,Derivative,Pinnacle Markets,EUR,26856,14.3325,14.3862,2026-09-29
POS-00047,FI-QVEKMX-0046,Fixed Income,Emerald Trust,USD,83788,102.4541,101.9143,2026-09-29
POS-00048,EQ-454JWV-0047,Equity,Pacific Securities,USD,0,344.2358,342.0342,2026-09-29
POS-00049,FX-1UJ1Z9-0048,FX Forward,Pacific Securities,USD/JPY,4624922,0.5172,0.5187,2026-09-29
POS-00050,EQ-SMSPO7-0049,Equity,Atlantic Capital,CHF,6608,344.9355,344.465,2026-09-29
POS-00051,EQ-OM8JGY-0050,Equity,Pacific Securities,CHF,9836,112.7462,113.9522,2026-09-29
POS-00052,EQ-650X5X-0051,Equity,Apex Trading,EUR,978,368.9856,368.2566,2026-09-29
POS-00053,CM-08UPD2-0052,Commodity,Northstar Financial,CHF,4307,219.2817,217.7277,2026-09-29
POS-00054,FX-2P0QAH-0053,FX Forward,Emerald Trust,USD/CHF,1916866,1.5783,1.579,2026-09-29
POS-00055,CM-WOWLMV-0054,Commodity,Sterling Partners,EUR,2909,1209.3222,1211.514,2026-09-29
POS-00056,CM-SQCHMN-0055,Commodity,Apex Trading,USD,1976,343.2133,342.4856,2026-09-29
POS-00057,FI-BMA80I-0056,Fixed Income,Pacific Securities,JPY,10793,107.2475,107.6207,2026-09-29
POS-00058,FX-RH9GRS-0057,FX Forward,GlobalBank Corp,USD/JPY,2300776,0.5649,0.5678,2026-09-29
POS-00059,EQ-JD8IXY-0058,Equity,Horizon Investments,USD,2416,154.3593,154.4392,2026-09-29
POS-00060,EQ-JK516D-0059,Equity,Emerald Trust,AUD,3612,45.2581,45.1928,2026-09-29
POS-00061,FX-87KITP-0060,FX Forward,Atlantic Capital,USD/CHF,4236694,1.4211,1.4251,2026-09-29
POS-00062,FI-SFCJQF-0061,Fixed Income,Atlantic Capital,EUR,85341,104.9533,104.7026,2026-09-29
POS-00063,FX-4N4OD1-0062,FX Forward,GlobalBank Corp,AUD/USD,263655,1.932,1.9123,2026-09-29
POS-00064,CM-HI60DN-0063,Commodity,Summit Financial,CHF,3092,841.1948,838.8645,2026-09-29
POS-00065,FX-GGI5ZE-0064,FX Forward,Citadel Markets,USD/JPY,4379146,1.0117,1.009,2026-09-29
POS-00066,FX-ZILIKF-0065,FX Forward,GlobalBank Corp,USD/CHF,417861,1.6646,1.666,2026-09-29
POS-00067,FX-5KRQTO-0066,FX Forward,Sterling Partners,USD/CHF,0,0.6976,0.6976,2026-09-29
POS-00068,FI-G8DR48-0067,Fixed Income,Pacific Securities,EUR,17194,94.1129,94.1543,2026-09-29
POS-00069,EQ-5BNEF7-0068,Equity,GlobalBank Corp,EUR,3283,238.201,237.8569,2026-09-29
POS-00070,FI-TTXG49-0069,Fixed Income,Pacific Securities,GBP,82012,99.5997,99.3752,2026-09-29
POS-00071,EQ-37YMUB-0070,Equity,Northstar Financial,JPY,3489,,315.1273,2026-09-29
POS-00072,FI-W23HH7-0071,Fixed Income,Horizon Investments,EUR,44360,89.4318,90.0462,2026-09-29
POS-00073,DV-KK5COQ-0072,Derivative,Eagle Point Trading,USD,6538,32.0176,,2026-09-29
POS-00074,EQ-F7XLO0-0073,Equity,Fortress Capital,GBP,4664,304.525,303.8507,2026-09-29
POS-00075,EQ-W8SMUG-0074,Equity,Atlantic Capital,CHF,6813,29.5156,29.7243,2026-09-29
POS-00076,EQ-K600J9-0075,Equity,Pinnacle Markets,GBP,5360,159.3855,158.2153,2026-09-29
POS-00077,EQ-ZN00OO-0076,Equity,Northstar Financial,GBP,5662,259.5473,259.3777,2026-09-29
POS-00078,FX-LPGXOM-0077,FX Forward,Fortress Capital,USD/JPY,2348621,,0.6887,2026-09-29
POS-00079,FX-PLYEX0-0078,FX Forward,Vanguard Securities,GBP/USD,147843,0.9969,0.9898,2026-09-29
POS-00080,CM-F2741I-0079,Commodity,Northstar Financial,USD,3342,563.8508,564.802,2026-09-29
POS-00081,FX-KKKY66-0080,FX Forward,Eagle Point Trading,GBP/USD,4804871,1.5493,1.5521,2026-09-29
POS-00082,FI-TUV0JL-0081,Fixed Income,Vanguard Securities,USD,72081,97.7483,97.9935,2026-09-29
POS-00083,DV-9TATOZ-0082,Derivative,Northstar Financial,EUR,18191,47.0196,46.8609,2026-09-29
POS-00084,EQ-PLL4TZ-0083,Equity,Horizon Investments,EUR,8148,129.3119,129.6605,2026-09-29
POS-00085,EQ-M87L47-0084,Equity,Emerald Trust,GBP,9967,388.3597,383.6691,2026-09-29
POS-00086,EQ-1WQZIV-0085,Equity,Vanguard Securities,USD,3123,296.8928,297.1211,2026-09-29
POS-00087,CM-JKHX3K-0086,Commodity,Citadel Markets,USD,1836,687.097,685.5373,2026-09-29
POS-00088,FI-AE4IEZ-0087,Fixed Income,Eagle Point Trading,USD,12419,109.4702,109.9722,2026-09-29
POS-00089,EQ-O8FAPO-0088,Equity,Vanguard Securities,CAD,2967,44.0905,44.1239,2026-09-29
POS-00090,FI-9V2IJR-0089,Fixed Income,Northstar Financial,GBP,45806,106.9989,106.6506,2026-09-29
POS-00091,EQ-EFPSTI-0090,Equity,Horizon Investments,GBP,7985,499.1424,496.1006,2026-09-29
POS-00092,FX-XDDY0E-0091,FX Forward,Emerald Trust,GBP/USD,0,1.1955,1.1918,2026-09-29
POS-00093,FI-HBNY1M-0092,Fixed Income,Meridian Holdings,CHF,78958,,106.4246,2026-09-29
POS-00094,FI-OLI0Z2-0093,Fixed Income,Pacific Securities,CHF,49634,92.9149,92.8782,2026-09-29
POS-00095,FI-6DLFLT-0094,Fixed Income,Meridian Holdings,USD,7684,89.6729,90.0104,2026-09-29
POS-00096,FX-41DBMX-0095,FX Forward,Eagle Point Trading,USD/CHF,1743913,0.7127,0.7203,2026-09-29
POS-00097,FI-GJ3TTQ-0096,Fixed Income,Citadel Markets,USD,42915,104.7883,104.756,2026-09-29
POS-00098,EQ-OL1HST-0097,Equity,Eagle Point Trading,EUR,3160,117.0839,117.4027,2026-09-29
POS-00099,EQ-NX18E1-0098,Equity,Atlantic Capital,USD,1706,413.7031,413.3227,2026-09-29
POS-00100,ST-GZ94E9-0099,Structured,Vanguard Securities,EUR,18398,92.0462,115.0034,2026-09-29
POS-00101,ST-O85QGW-0100,Structured,Summit Financial,GBP,18958,108.8502,109.389,2026-09-29
POS-00102,FX-K0TN3N-0101,FX Forward,Fortress Capital,USD/JPY,181559,0.5709,0.5742,2026-09-29
POS-00103,EQ-NRWJKP-0102,Equity,Summit Financial,JPY,7603,285.2111,284.9993,2026-09-29
POS-00104,ST-1JESFL-0103,Structured,Pinnacle Markets,GBP,11499,82.6388,82.6432,2026-09-29
POS-00105,CM-AHV61X-0104,Commodity,Eagle Point Trading,CHF,868,955.3011,950.5128,2026-09-29
POS-00106,CM-47RCMH-0105,Commodity,Horizon Investments,USD,2932,1375.6015,1365.4635,2026-09-29
POS-00107,FI-6DOHDP-0106,Fixed Income,Horizon Investments,USD,18437,106.8442,107.2056,2026-09-29
POS-00108,EQ-MMIBSM-0107,Equity,Apex Trading,EUR,2721,110.5383,110.6412,2026-09-29
POS-00109,EQ-B7ZD1D-0108,Equity,GlobalBank Corp,EUR,1241,70.227,69.7648,2026-09-29
POS-00110,ST-81D3YS-0109,Structured,Pacific Securities,USD,19935,96.4006,96.0506,2026-09-29
POS-00111,FI-Q8DU63-0110,Fixed Income,Northstar Financial,AUD,17863,100.016,99.9728,2026-09-29
POS-00112,EQ-2O2VQE-0111,Equity,Vanguard Securities,USD,3278,60.9959,60.6089,2026-09-29
POS-00113,FI-BVUMYO-0112,Fixed Income,Pinnacle Markets,EUR,43720,89.7568,108.5354,2026-09-29
POS-00114,FX-0O1LJQ-0113,FX Forward,Emerald Trust,USD/JPY,1949280,1.4827,1.4881,2026-09-29
POS-00115,EQ-QNL8MC-0114,Equity,Apex Trading,USD,3126,364.5033,364.3258,2026-09-29
POS-00116,DV-F5H2U1-0115,Derivative,Eagle Point Trading,USD,26356,46.5987,46.4477,2026-09-29
POS-00117,CM-3DY9BX-0116,Commodity,Emerald Trust,USD,528,1166.5117,1166.3755,2026-09-29
POS-00118,CM-7WB7Y6-0117,Commodity,Sterling Partners,USD,1684,1690.0549,1707.2478,2026-09-29
POS-00119,FI-0HQQAU-0118,Fixed Income,Eagle Point Trading,USD,88178,97.8628,97.4612,2026-09-29
POS-00120,FX-5CJYFP-0119,FX Forward,Eagle Point Trading,EUR/USD,2508122,1.3102,1.3047,2026-09-29
POS-00121,FX-C8244G-0120,FX Forward,Northstar Financial,USD/JPY,4812678,1.0482,1.0617,2026-09-29
POS-00122,FX-5O3SRI-0121,FX Forward,Sterling Partners,AUD/USD,4911614,1.4195,1.4108,2026-09-29
POS-00123,EQ-7NEPEE-0122,Equity,Northstar Financial,CHF,7968,149.7769,149.3546,2026-09-29
POS-00124,FI-05CA7S-0123,Fixed Income,Horizon Investments,GBP,46903,93.0063,93.2678,2026-09-29
POS-00125,EQ-EN2WEB-0124,Equity,Sterling Partners,EUR,4671,139.8657,115.0199,2026-09-29
POS-00126,FI-UGRMGD-0125,Fixed Income,Horizon Investments,EUR,94784,107.1666,106.1794,2026-09-29
POS-00127,FI-ICUX95-0126,Fixed Income,Northstar Financial,EUR,63789,98.838,98.6215,2026-09-29
POS-00128,EQ-HTN9R8-0127,Equity,Vanguard Securities,GBP,499,157.7786,157.8648,2026-09-29
POS-00129,EQ-NBL714-0128,Equity,Northstar Financial,USD,1263,419.9835,419.0068,2026-09-29
POS-00130,FX-ZTC65U-0129,FX Forward,Fortress Capital,GBP/USD,3974553,0.5895,0.5947,2026-09-29
POS-00131,EQ-QKL2GS-0130,Equity,Meridian Holdings,AUD,2078,532.6058,434.9785,2026-09-29
POS-00132,ST-DT3E9W-0131,Structured,Citadel Markets,CAD,12714,112.1424,111.8315,2026-09-29
POS-00133,FX-ENT86H-0132,FX Forward,Emerald Trust,USD/JPY,3538949,1.2225,1.2244,2026-09-29
POS-00134,FI-5NKNHO-0133,Fixed Income,Atlantic Capital,USD,9885,105.1139,105.5974,2026-09-29
POS-00135,FX-G74WDB-0134,FX Forward,Meridian Holdings,EUR/USD,4308766,1.9695,1.9636,2026-09-29
POS-00136,EQ-HNSX75-0135,Equity,Emerald Trust,USD,5673,85.0553,85.2649,2026-09-29
POS-00137,ST-BFHFUN-0136,Structured,Northstar Financial,EUR,0,87.8903,88.0747,2026-09-29
POS-00138,FI-W5WX5W-0137,Fixed Income,Emerald Trust,USD,12106,94.9891,94.5186,2026-09-29
POS-00139,CM-DW84NL-0138,Commodity,Eagle Point Trading,EUR,2120,655.6475,655.0536,2026-09-29
POS-00140,EQ-GGYFP3-0139,Equity,Summit Financial,GBP,9036,466.7898,468.9681,2026-09-29
POS-00141,FI-G3DVRT-0140,Fixed Income,Horizon Investments,EUR,93737,109.2109,109.8963,2026-09-29
POS-00142,FI-PSR7P9-0141,Fixed Income,Atlantic Capital,EUR,24814,102.9012,102.7522,2026-09-29
POS-00143,ST-IV9AQR-0142,Structured,Northstar Financial,EUR,14485,112.8291,112.8885,2026-09-29
POS-00144,FX-C026PQ-0143,FX Forward,Vanguard Securities,EUR/USD,4288333,1.4595,1.4466,2026-09-29
POS-00145,FI-PX2Y78-0144,Fixed Income,Fortress Capital,EUR,37720,106.2639,106.2425,2026-09-29
POS-00146,EQ-B0RQTH-0145,Equity,Sterling Partners,USD,7477,107.2988,107.306,2026-09-29
POS-00147,FI-E0I60J-0146,Fixed Income,Sterling Partners,AUD,11961,93.8825,93.0885,2026-09-29
POS-00148,FI-OKLTG5-0147,Fixed Income,Fortress Capital,GBP,76294,93.9141,93.5036,2026-09-29
POS-00149,FI-2R2FOJ-0148,Fixed Income,Summit Financial,USD,31524,100.4636,101.0048,2026-09-29
POS-00150,EQ-FCPRI2-0149,Equity,Sterling Partners,JPY,7505,228.9877,229.6379,2026-09-29
POS-00151,DV-JIMMGG-0150,Derivative,Summit Financial,USD,23427,12.8026,12.8054,2026-09-29
POS-00152,DV-GLGJNE-0151,Derivative,GlobalBank Corp,USD,21997,18.9338,19.0944,2026-09-29
POS-00153,EQ-T1C7NR-0152,Equity,Vanguard Securities,CHF,6465,492.5602,499.4265,2026-09-29
POS-00154,FX-P636S2-0153,FX Forward,Apex Trading,USD/JPY,3813078,0.5181,0.5237,2026-09-29
POS-00155,EQ-CQRROQ-0154,Equity,Sterling Partners,EUR,6460,62.9386,63.242,2026-09-29
POS-00156,FX-4H2C41-0155,FX Forward,Emerald Trust,AUD/USD,4370914,1.8425,1.8348,2026-09-29
POS-00157,EQ-EO0J3V-0156,Equity,Vanguard Securities,USD,9394,283.7106,282.9309,2026-09-29
POS-00158,FX-HGIH0C-0157,FX Forward,Vanguard Securities,USD/CHF,3839485,1.7457,1.7512,2026-09-29
POS-00159,CM-OYG0GI-0158,Commodity,Citadel Markets,USD,4607,356.2325,297.3097,2026-09-29
POS-00160,CM-693PI8-0159,Commodity,Meridian Holdings,AUD,2812,864.4007,871.315,2026-09-29
POS-00161,EQ-JZJ11V-0160,Equity,Eagle Point Trading,USD,7405,87.5537,114.4067,2026-09-29
POS-00162,ST-4UUN95-0161,Structured,GlobalBank Corp,USD,18002,112.0025,112.3976,2026-09-29
POS-00163,EQ-SFOM0F-0162,Equity,Apex Trading,USD,1810,209.4617,210.9239,2026-09-29
POS-00164,EQ-H05SX0-0163,Equity,Fortress Capital,AUD,1731,,207.6437,2026-09-29
POS-00165,FX-OCI90D-0164,FX Forward,Eagle Point Trading,USD/CHF,534050,1.1938,1.2023,2026-09-29
POS-00166,FI-GGOQIK-0165,Fixed Income,Pacific Securities,CAD,79809,106.2072,106.0544,2026-09-29
POS-00167,DV-VJEJJE-0166,Derivative,GlobalBank Corp,EUR,47195,11.9031,12.0098,2026-09-29
POS-00168,DV-WOJBDF-0167,Derivative,Eagle Point Trading,JPY,31998,11.3467,11.3358,2026-09-29
POS-00169,FI-W4I4CI-0168,Fixed Income,Horizon Investments,CHF,6003,95.7167,96.116,2026-09-29
POS-00170,ST-T1VEE2-0169,Structured,Pacific Securities,GBP,18800,97.6529,97.6489,2026-09-29
POS-00171,EQ-GS90B3-0170,Equity,Pacific Securities,USD,7518,67.2381,67.7435,2026-09-29
POS-00172,FI-LSYSSU-0171,Fixed Income,Citadel Markets,JPY,0,108.9521,108.2631,2026-09-29
POS-00173,EQ-10KYJS-0172,Equity,Eagle Point Trading,JPY,1966,482.5139,480.7069,2026-09-29
POS-00174,ST-37F9OM-0173,Structured,Apex Trading,EUR,12945,119.0492,119.4651,2026-09-29
POS-00175,EQ-VOW5DK-0174,Equity,Horizon Investments,USD,7899,490.5207,490.1895,2026-09-29
POS-00176,EQ-2KI1HM-0175,Equity,Summit Financial,GBP,6102,415.9174,416.5018,2026-09-29
POS-00177,FI-QH7ZLU-0176,Fixed Income,Vanguard Securities,USD,50064,96.7045,96.9655,2026-09-29
POS-00178,ST-1B4OO8-0177,Structured,Northstar Financial,GBP,1492,89.6805,90.3045,2026-09-29
POS-00179,DV-I005KH-0178,Derivative,Sterling Partners,JPY,26611,12.926,13.0393,2026-09-29
POS-00180,CM-OAM8PZ-0179,Commodity,Atlantic Capital,GBP,3181,1082.7988,1072.5936,2026-09-29
POS-00181,DV-EQCXLH-0180,Derivative,GlobalBank Corp,JPY,44414,18.1867,18.1286,2026-09-29
POS-00182,DV-EFJ9G6-0181,Derivative,Fortress Capital,USD,46102,9.2254,9.2876,2026-09-29
POS-00183,FI-EDGENC-0182,Fixed Income,GlobalBank Corp,USD,98992,92.2151,92.6508,2026-09-29
POS-00184,FI-0UD1BW-0183,Fixed Income,Pinnacle Markets,EUR,88335,99.7183,100.4425,2026-09-29
POS-00185,CM-OQZMGQ-0184,Commodity,Atlantic Capital,JPY,856,535.1516,536.1935,2026-09-29
POS-00186,FX-1I24YL-0185,FX Forward,Emerald Trust,AUD/USD,3246905,0.6176,0.6166,2026-09-29
POS-00187,FI-4HL1HQ-0186,Fixed Income,Fortress Capital,CAD,12042,101.9339,101.3767,2026-09-29
POS-00188,EQ-KMTKWQ-0187,Equity,Vanguard Securities,EUR,9254,348.4746,349.8348,2026-09-29
POS-00189,CM-EUYVC1-0188,Commodity,Pinnacle Markets,EUR,2181,458.1763,460.2885,2026-09-29
POS-00190,EQ-D301I4-0189,Equity,Citadel Markets,EUR,467,243.613,241.5524,2026-09-29
POS-00191,ST-1CWZ77-0190,Structured,Horizon Investments,EUR,13019,109.9436,109.5006,2026-09-29
POS-00192,EQ-VOSYRS-0191,Equity,Northstar Financial,EUR,5618,477.6454,481.478,2026-09-29
POS-00193,EQ-QVGPHF-0192,Equity,Atlantic Capital,USD,6497,383.3456,386.9289,2026-09-29
POS-00194,DV-PZBHU9-0193,Derivative,Pacific Securities,CAD,48343,31.7754,31.7053,2026-09-29
POS-00195,EQ-GOXLOK-0194,Equity,Eagle Point Trading,USD,2574,255.1533,255.1027,2026-09-29
POS-00196,EQ-6R4M93-0195,Equity,Summit Financial,USD,3562,138.4863,138.807,2026-09-29
POS-00197,FX-J19A9D-0196,FX Forward,Horizon Investments,GBP/USD,3213184,1.7969,1.79,2026-09-29
POS-00198,DV-LHNTY3-0197,Derivative,Summit Financial,EUR,15229,49.0795,49.2954,2026-09-29
POS-00199,EQ-76U28J-0198,Equity,GlobalBank Corp,EUR,3276,284.9062,284.7809,2026-09-29
POS-00200,FI-UWOOY0-0199,Fixed Income,Citadel Markets,USD,34021,92.9512,92.5445,2026-09-29
POS-00201,CM-T49QCI-0200,Commodity,Atlantic Capital,EUR,3799,62.0936,61.8889,2026-09-29
POS-00202,ST-EGJX6J-0201,Structured,Fortress Capital,USD,1766,103.182,103.2691,2026-09-29
POS-00203,FI-A4DFSV-0202,Fixed Income,Summit Financial,EUR,45024,91.9041,91.4359,2026-09-29
POS-00204,EQ-W6EATG-0203,Equity,Sterling Partners,EUR,9048,83.8835,83.5194,2026-09-29
POS-00205,EQ-3XF0HV-0204,Equity,Emerald Trust,EUR,9536,158.5544,157.1332,2026-09-29
POS-00206,EQ-1M0I0B-0205,Equity,Atlantic Capital,GBP,3586,18.8434,19.0345,2026-09-29
POS-00207,EQ-TXIVW1-0206,Equity,Horizon Investments,GBP,8124,,60.3709,2026-09-29
POS-00208,FX-WVZIGB-0207,FX Forward,Citadel Markets,GBP/USD,2897090,1.1184,1.1209,2026-09-29
POS-00209,EQ-QF3U7P-0208,Equity,Summit Financial,CAD,5372,380.9722,463.2316,2026-09-29
POS-00210,FI-ASA51Z-0209,Fixed Income,Emerald Trust,CAD,24029,101.2852,101.0065,2026-09-29
POS-00211,FX-8C4CW7-0210,FX Forward,Vanguard Securities,USD/JPY,2115405,1.3556,1.3578,2026-09-29
POS-00212,FX-X0ZCZ0-0211,FX Forward,Pacific Securities,USD/CHF,2643036,1.2572,1.2647,2026-09-29
POS-00213,EQ-R78E0A-0212,Equity,Apex Trading,USD,3832,236.2976,237.3219,2026-09-29
POS-00214,DV-HS0DH8-0213,Derivative,Citadel Markets,USD,10070,,12.8433,2026-09-29
POS-00215,CM-4R7EJD-0214,Commodity,Fortress Capital,AUD,2716,163.5,195.0365,2026-09-29
POS-00216,CM-F4MLCO-0215,Commodity,Horizon Investments,JPY,709,681.1582,683.3928,2026-09-29
POS-00217,EQ-K0SL4B-0216,Equity,Pinnacle Markets,AUD,2589,66.8453,66.7904,2026-09-29
POS-00218,EQ-XYRKFJ-0217,Equity,Pacific Securities,GBP,1413,150.3642,150.4309,2026-09-29
POS-00219,ST-BHPYOT-0218,Structured,Horizon Investments,USD,8801,103.8746,104.5754,2026-09-29
POS-00220,FI-BLX1DO-0219,Fixed Income,GlobalBank Corp,USD,34244,97.6071,97.8814,2026-09-29
POS-00221,FI-QAN4TH-0220,Fixed Income,Sterling Partners,USD,63610,96.506,96.8966,2026-09-29
POS-00222,FI-S0DD24-0221,Fixed Income,Emerald Trust,USD,98010,105.4832,105.2769,2026-09-29
POS-00223,FX-V12SWJ-0222,FX Forward,Northstar Financial,USD/CHF,4905973,0.5156,0.5635,2026-09-29
POS-00224,ST-8TTF2M-0223,Structured,Atlantic Capital,USD,19759,112.5,98.1003,2026-09-29
POS-00225,EQ-SLARF9-0224,Equity,Meridian Holdings,USD,4801,35.6245,35.3435,2026-09-29
POS-00226,ST-9J2SBD-0225,Structured,Sterling Partners,CAD,8761,99.7011,100.0965,2026-09-29
POS-00227,EQ-9J5S04-0226,Equity,Pacific Securities,USD,4537,429.6237,429.1829,2026-09-29
POS-00228,FX-LT69IG-0227,FX Forward,Fortress Capital,GBP/USD,-190,1.0918,1.0878,2026-09-29
POS-00229,FX-BZYQGS-0228,FX Forward,Fortress Capital,GBP/USD,1354203,1.0362,1.0328,2026-09-29
POS-00230,EQ-KZQQXN-0229,Equity,Atlantic Capital,EUR,8540,114.8358,114.7771,2026-09-29
POS-00231,EQ-PM0BUR-0230,Equity,Sterling Partners,USD,1326,376.1854,376.0843,2026-09-29
POS-00232,FI-K367IV-0231,Fixed Income,Pacific Securities,GBP,71325,110.8023,109.8562,2026-09-29
POS-00233,ST-SFES3T-0232,Structured,Eagle Point Trading,EUR,3969,80.7788,80.565,2026-09-29
POS-00234,FX-VJJB8D-0233,FX Forward,Eagle Point Trading,GBP/USD,1711350,0.5476,0.5492,2026-09-29
POS-00235,ST-JJG6NP-0234,Structured,Apex Trading,USD,7162,83.7511,83.5893,2026-09-29
POS-00236,DV-LIHK1V-0235,Derivative,Emerald Trust,CAD,2341,26.9743,27.0594,2026-09-29
POS-00237,FI-SB1C10-0236,Fixed Income,Citadel Markets,CHF,17813,105.7508,105.3375,2026-09-29
POS-00238,CM-P1LC7R-0237,Commodity,Atlantic Capital,AUD,2233,203.9459,204.6764,2026-09-29
POS-00239,EQ-1EBY10-0238,Equity,Eagle Point Trading,EUR,5242,58.0241,57.9628,2026-09-29
POS-00240,EQ-49O4BX-0239,Equity,Pinnacle Markets,USD,9714,218.3687,218.3003,2026-09-29
POS-00241,DV-OGJ467-0240,Derivative,Pinnacle Markets,USD,37045,21.4767,21.4694,2026-09-29
POS-00242,CM-SNSBF1-0241,Commodity,Apex Trading,EUR,2760,1652.1557,1651.3465,2026-09-29
POS-00243,EQ-OY8A2R-0242,Equity,Emerald Trust,CHF,1743,269.0993,267.9654,2026-09-29
POS-00244,FI-FI3KVL-0243,Fixed Income,Summit Financial,CAD,94066,,101.2772,2026-09-29
POS-00245,FX-EJCMVG-0244,FX Forward,Citadel Markets,EUR/USD,384260,1.268,1.2684,2026-09-29
POS-00246,DV-CXNEO7-0245,Derivative,Summit Financial,USD,44746,16.7718,16.84,2026-09-29
POS-00247,FX-MZRPQF-0246,FX Forward,Fortress Capital,EUR/USD,3621567,1.1907,1.183,2026-09-29
POS-00248,FI-9JR177-0247,Fixed Income,Atlantic Capital,USD,58863,108.6142,108.9499,2026-09-29
POS-00249,FI-7LMYQ0-0248,Fixed Income,Pinnacle Markets,USD,55554,95.2948,95.0662,2026-09-29
POS-00250,FI-6WCVBE-0249,Fixed Income,Vanguard Securities,USD,59254,91.4199,91.8804,2026-09-29
POS-00251,FX-X50O5R-0250,FX Forward,Pacific Securities,USD/CHF,1634796,1.0554,1.0525,2026-09-29
POS-00252,DV-QK4CQN-0251,Derivative,Sterling Partners,USD,12802,10.6414,10.651,2026-09-29
POS-00253,FI-LWLNIM-0252,Fixed Income,Fortress Capital,JPY,53856,97.8725,97.5774,2026-09-29
POS-00254,EQ-J8KSE6-0253,Equity,Northstar Financial,USD,7957,221.1289,220.2584,2026-09-29
POS-00255,EQ-T92QAD-0254,Equity,Pinnacle Markets,USD,5663,378.0591,378.2446,2026-09-29
POS-00256,CM-C045VW-0255,Commodity,Northstar Financial,JPY,3066,1678.7794,1688.0609,2026-09-29
POS-00257,DV-BBDUZH-0256,Derivative,Pacific Securities,EUR,43031,21.4746,21.5909,2026-09-29
POS-00258,EQ-6MZZLH-0257,Equity,Fortress Capital,CHF,1026,382.7282,384.4631,2026-09-29
POS-00259,EQ-JKG8FZ-0258,Equity,Sterling Partners,USD,6144,156.0855,156.5713,2026-09-29
POS-00260,FX-C0WB6A-0259,FX Forward,Emerald Trust,AUD/USD,4941292,1.6403,1.6348,2026-09-29
POS-00261,EQ-8IR5PD-0260,Equity,Meridian Holdings,EUR,5645,303.9372,303.1023,2026-09-29
POS-00262,DV-PW93CO-0261,Derivative,Apex Trading,USD,38133,15.1321,15.0862,2026-09-29
POS-00263,FI-MD13RW-0262,Fixed Income,Northstar Financial,USD,95342,98.5109,98.0655,2026-09-29
POS-00264,EQ-CKJO9L-0263,Equity,Summit Financial,USD,1418,255.5881,254.0192,2026-09-29
POS-00265,ST-UFNL3L-0264,Structured,Pacific Securities,EUR,2369,116.0359,114.7295,2026-09-29
POS-00266,EQ-YUUXCL-0265,Equity,Pacific Securities,USD,5217,152.0298,151.1494,2026-09-29
POS-00267,EQ-0AC95Z-0266,Equity,Citadel Markets,USD,3078,37.4143,37.5815,2026-09-29
POS-00268,EQ-A0IQT1-0267,Equity,Pinnacle Markets,JPY,8876,256.972,255.3238,2026-09-29
POS-00269,EQ-ROFU38-0268,Equity,GlobalBank Corp,EUR,1072,336.5702,335.9548,2026-09-29
POS-00270,EQ-51J3PC-0269,Equity,Apex Trading,EUR,2721,171.1504,170.1802,2026-09-29
POS-00271,EQ-Q1J5NB-0270,Equity,Pacific Securities,CHF,2198,75.933,75.5553,2026-09-29
POS-00272,EQ-V84DIP-0271,Equity,Pacific Securities,USD,1223,388.8098,383.5032,2026-09-29
POS-00273,EQ-BJBM0D-0272,Equity,Atlantic Capital,EUR,3498,185.8348,186.0102,2026-09-29
POS-00274,FX-1LVH98-0273,FX Forward,Summit Financial,GBP/USD,987981,0.6885,0.6859,2026-09-29
POS-00275,FX-WVH2Y1-0274,FX Forward,Horizon Investments,USD/CHF,1979797,0.8716,0.8709,2026-09-29
POS-00276,FI-30K5LT-0275,Fixed Income,Northstar Financial,GBP,90953,98.5745,98.3383,2026-09-29
POS-00277,FI-97RMDO-0276,Fixed Income,Summit Financial,EUR,14561,108.0314,108.6292,2026-09-29
POS-00278,FI-CDH114-0277,Fixed Income,Atlantic Capital,CAD,92945,91.053,91.3724,2026-09-29
POS-00279,DV-04WJ1C-0278,Derivative,Citadel Markets,GBP,43975,16.8582,16.8007,2026-09-29
POS-00280,DV-VG8CVG-0279,Derivative,Vanguard Securities,EUR,33609,50.0618,49.8857,2026-09-29
POS-00281,EQ-1AHYTM-0280,Equity,Horizon Investments,EUR,675,207.4252,208.0955,2026-09-29
POS-00282,EQ-B1VMXW-0281,Equity,Fortress Capital,EUR,2926,317.0431,316.1327,2026-09-29
POS-00283,EQ-2AV1DD-0282,Equity,Meridian Holdings,EUR,9766,341.1912,342.7353,2026-09-29
POS-00284,EQ-5OVGHA-0283,Equity,Eagle Point Trading,JPY,3861,298.8203,299.7677,2026-09-29
POS-00285,FX-V0Q45B-0284,FX Forward,Fortress Capital,GBP/USD,2622780,1.05,1.0523,2026-09-29
POS-00286,FI-2FNGFN-0285,Fixed Income,Northstar Financial,EUR,94470,93.9761,,2026-09-29
POS-00287,EQ-IMB34N-0286,Equity,Citadel Markets,JPY,7747,63.7634,64.3022,2026-09-29
POS-00288,FI-68GOGB-0287,Fixed Income,Emerald Trust,CHF,92406,99.9548,100.4428,2026-09-29
POS-00289,FI-XH03YR-0288,Fixed Income,Pacific Securities,GBP,4353,109.4564,109.0099,2026-09-29
POS-00290,EQ-ZJ4BV7-0289,Equity,Vanguard Securities,EUR,9376,326.3526,324.7355,2026-09-29
POS-00291,DV-YP5EJD-0290,Derivative,Fortress Capital,CHF,11713,8.0974,8.1458,2026-09-29
POS-00292,EQ-6T9HMF-0291,Equity,Apex Trading,USD,5676,316.0878,316.8181,2026-09-29
POS-00293,ST-PF86B6-0292,Structured,Emerald Trust,EUR,16667,104.9168,104.8059,2026-09-29
POS-00294,EQ-SYSAB8-0293,Equity,Northstar Financial,JPY,5897,194.7704,194.8681,2026-09-29
POS-00295,DV-3SLSAP-0294,Derivative,Horizon Investments,USD,17051,26.8494,26.8497,2026-09-29
POS-00296,ST-B8PGWL-0295,Structured,Emerald Trust,EUR,6232,99.9102,99.9712,2026-09-29
POS-00297,ST-18LKTY-0296,Structured,Emerald Trust,USD,988,98.7875,98.5488,2026-09-29
POS-00298,DV-3WWYE0-0297,Derivative,Summit Financial,EUR,25877,20.3458,20.4072,2026-09-29
POS-00299,CM-0DQXC9-0298,Commodity,Apex Trading,EUR,88,1517.8175,1506.9973,2026-09-29
POS-00300,FX-NTFWJZ-0299,FX Forward,Citadel Markets,USD/CHF,4648955,1.8873,1.8893,2026-09-29
POS-00301,CM-EK4MCZ-0300,Commodity,Pacific Securities,USD,3013,680.1831,682.0313,2026-09-29
POS-00302,EQ-QHQDO4-0301,Equity,Eagle Point Trading,CHF,7824,70.6524,70.9611,2026-09-29
POS-00303,FI-X06RDN-0302,Fixed Income,Pinnacle Markets,CAD,57278,98.0667,98.2241,2026-09-29
POS-00304,FI-8SQZ1R-0303,Fixed Income,GlobalBank Corp,USD,46746,94.8875,94.651,2026-09-29
POS-00305,DV-WBMK57-0304,Derivative,Citadel Markets,EUR,15643,14.1359,14.2858,2026-09-29
POS-00306,FI-1KHN4U-0305,Fixed Income,Citadel Markets,CAD,35749,110.1104,109.1919,2026-09-29
POS-00307,FI-5V76UF-0306,Fixed Income,Pinnacle Markets,EUR,35201,96.8595,95.7711,2026-09-29
POS-00308,FX-M9CVR3-0307,FX Forward,Northstar Financial,USD/JPY,3169252,1.2763,1.2815,2026-09-29
POS-00309,EQ-IQWHI3-0308,Equity,Apex Trading,GBP,2063,334.5695,382.3927,2026-09-29
POS-00310,EQ-K5JK35-0309,Equity,Apex Trading,JPY,7321,334.2457,335.6441,2026-09-29
POS-00311,FI-C9GPI3-0310,Fixed Income,Apex Trading,EUR,74713,108.6947,108.539,2026-09-29
POS-00312,FI-OUTD1I-0311,Fixed Income,Meridian Holdings,USD,84228,98.4587,97.8817,2026-09-29
POS-00313,EQ-GRU3O6-0312,Equity,Vanguard Securities,EUR,794,,238.964,2026-09-29
POS-00314,FI-UQKORQ-0313,Fixed Income,Meridian Holdings,EUR,58617,99.0594,99.4429,2026-09-29
POS-00315,FI-Z0CMX2-0314,Fixed Income,Sterling Partners,USD,85511,101.5748,101.6536,2026-09-29
POS-00316,FI-20MI0Y-0315,Fixed Income,Pacific Securities,EUR,26257,108.9426,108.9729,2026-09-29
POS-00317,FI-C5I9R5-0316,Fixed Income,Pacific Securities,JPY,17420,90.546,90.643,2026-09-29
POS-00318,FX-754YYT-0317,FX Forward,GlobalBank Corp,GBP/USD,3666179,1.3341,1.5643,2026-09-29
POS-00319,EQ-3S6LIM-0318,Equity,Pacific Securities,EUR,8031,129.9112,131.1557,2026-09-29
POS-00320,ST-8B48IL-0319,Structured,Horizon Investments,AUD,8380,102.1674,102.2594,2026-09-29
POS-00321,ST-A73JMY-0320,Structured,Pinnacle Markets,USD,5460,111.4546,111.3884,2026-09-29
POS-00322,FI-0FOS66-0321,Fixed Income,GlobalBank Corp,USD,20582,96.4574,96.6819,2026-09-29
POS-00323,FI-TVQ2GC-0322,Fixed Income,Horizon Investments,GBP,10235,92.0707,91.8622,2026-09-29
POS-00324,FI-UTGH14-0323,Fixed Income,Apex Trading,JPY,18515,92.91,93.7332,2026-09-29
POS-00325,DV-H9B8IB-0324,Derivative,Fortress Capital,CHF,5506,44.1409,44.2218,2026-09-29
POS-00326,FX-C65SZS-0325,FX Forward,Fortress Capital,USD/JPY,2649211,1.4728,,2026-09-29
POS-00327,DV-WDVLAC-0326,Derivative,Sterling Partners,EUR,47245,34.1601,34.0919,2026-09-29
POS-00328,FI-39KFK2-0327,Fixed Income,Summit Financial,USD,88854,104.4827,105.0818,2026-09-29
POS-00329,FX-XXTSDJ-0328,FX Forward,Horizon Investments,EUR/USD,-242,0.6556,0.655,2026-09-29
POS-00330,EQ-EHMLH1-0329,Equity,Fortress Capital,GBP,7163,467.7324,468.1293,2026-09-29
POS-00331,CM-TT4ZCQ-0330,Commodity,Eagle Point Trading,AUD,4042,1167.5864,1167.7361,2026-09-29
POS-00332,EQ-44MTY1-0331,Equity,Eagle Point Trading,AUD,195,40.1686,40.039,2026-09-29
POS-00333,FX-RVEJIX-0332,FX Forward,Meridian Holdings,USD/JPY,3668597,0.7739,0.7757,2026-09-29
POS-00334,DV-ABH5HY-0333,Derivative,Pinnacle Markets,USD,2093,31.4243,28.375,2026-09-29
POS-00335,EQ-1VJPD7-0334,Equity,Eagle Point Trading,GBP,2949,36.3599,36.4866,2026-09-29
POS-00336,FX-9970CQ-0335,FX Forward,Summit Financial,GBP/USD,4161554,1.6186,1.6045,2026-09-29
POS-00337,EQ-34QTQH-0336,Equity,Citadel Markets,GBP,3596,327.7133,328.4154,2026-09-29
POS-00338,CM-XSNWBG-0337,Commodity,Eagle Point Trading,EUR,2724,504.1335,505.8054,2026-09-29
POS-00339,EQ-PNV5IV-0338,Equity,GlobalBank Corp,JPY,7217,195.7493,196.3154,2026-09-29
POS-00340,ST-NL3OLT-0339,Structured,Eagle Point Trading,CAD,9538,97.5958,97.2672,2026-09-29
POS-00341,EQ-X9OYSH-0340,Equity,Meridian Holdings,USD,4207,56.4121,70.6899,2026-09-29
POS-00342,ST-OXUK7I-0341,Structured,GlobalBank Corp,EUR,17865,80.2544,80.8104,2026-09-29
POS-00343,DV-Q5HEJF-0342,Derivative,Pinnacle Markets,EUR,26899,8.8663,8.9316,2026-09-29
POS-00344,FX-ALTLLQ-0343,FX Forward,Sterling Partners,GBP/USD,1148025,0.5381,0.5363,2026-09-29
POS-00345,CM-ODZEGF-0344,Commodity,Northstar Financial,EUR,4906,1243.6915,1228.3741,2026-09-29
POS-00346,CM-0DO9OH-0345,Commodity,Northstar Financial,EUR,3119,782.3871,780.2246,2026-09-29
POS-00347,ST-LFP9RN-0346,Structured,Fortress Capital,AUD,13151,82.6052,82.304,2026-09-29
POS-00348,EQ-OUWZ5F-0347,Equity,Horizon Investments,GBP,5380,233.38,233.5612,2026-09-29
POS-00349,FX-3IJ45B-0348,FX Forward,Meridian Holdings,AUD/USD,3901787,0.5115,0.5112,2026-09-29
POS-00350,EQ-9EYVCG-0349,Equity,Sterling Partners,GBP,4176,187.9145,188.9405,2026-09-29
POS-00351,FX-VSVUH6-0350,FX Forward,Sterling Partners,AUD/USD,4415440,1.4864,1.5002,2026-09-29
POS-00352,EQ-0LZD6I-0351,Equity,Vanguard Securities,AUD,210,118.6966,119.0163,2026-09-29
POS-00353,FX-9GXK0P-0352,FX Forward,Atlantic Capital,GBP/USD,2716183,1.9365,1.9365,2026-09-29
POS-00354,FX-27FD1G-0353,FX Forward,Pacific Securities,USD/JPY,4571236,1.2716,1.2768,2026-09-29
POS-00355,FI-YFSALI-0354,Fixed Income,Fortress Capital,JPY,91487,108.7338,109.3959,2026-09-29
POS-00356,FI-0VEJ7T-0355,Fixed Income,Apex Trading,USD,32725,101.9951,101.4769,2026-09-29
POS-00357,CM-JQHXJE-0356,Commodity,Summit Financial,EUR,4653,1994.449,1642.6654,2026-09-29
POS-00358,CM-YZHZW5-0357,Commodity,Pacific Securities,USD,3071,171.8664,217.0291,2026-09-29
POS-00359,FI-GC0IRC-0358,Fixed Income,Emerald Trust,USD,55339,101.8788,102.2081,2026-09-29
POS-00360,FX-73FL6T-0359,FX Forward,Northstar Financial,USD/JPY,296215,1.4772,1.4827,2026-09-29
POS-00361,ST-R491DW-0360,Structured,Citadel Markets,EUR,9613,110.6077,109.827,2026-09-29
POS-00362,EQ-IO1XVT-0361,Equity,Atlantic Capital,USD,-253,153.4372,153.5386,2026-09-29
POS-00363,EQ-1R1QZT-0362,Equity,Meridian Holdings,GBP,7716,55.0714,54.8643,2026-09-29
POS-00364,EQ-8PIOOM-0363,Equity,Eagle Point Trading,EUR,1215,164.0292,163.9359,2026-09-29
POS-00365,FX-UOJ44A-0364,FX Forward,Vanguard Securities,AUD/USD,-425,1.6787,1.6849,2026-09-29
POS-00366,FI-NJNIF9-0365,Fixed Income,Atlantic Capital,EUR,70903,90.5628,90.0997,2026-09-29
POS-00367,CM-UW6NI7-0366,Commodity,Fortress Capital,EUR,3825,1493.9283,1504.0397,2026-09-29
POS-00368,FX-GQLXY7-0367,FX Forward,Eagle Point Trading,GBP/USD,1072953,0.6457,0.6463,2026-09-29
POS-00369,FI-5A2VW5-0368,Fixed Income,Horizon Investments,EUR,20580,94.4161,94.3114,2026-09-29
POS-00370,DV-FIV2PE-0369,Derivative,Summit Financial,CHF,16044,28.2767,22.8556,2026-09-29
POS-00371,CM-NXGF0C-0370,Commodity,Pinnacle Markets,USD,2660,1651.2872,1635.212,2026-09-29
POS-00372,EQ-8D5A6X-0371,Equity,Apex Trading,EUR,965,141.4982,140.9768,2026-09-29
POS-00373,FI-VIEIXK-0372,Fixed Income,Eagle Point Trading,JPY,54413,93.8083,94.1052,2026-09-29
POS-00374,FI-L0T27O-0373,Fixed Income,Northstar Financial,CAD,18620,110.112,109.2916,2026-09-29
POS-00375,EQ-46BJDL-0374,Equity,Apex Trading,USD,1670,473.8299,477.0698,2026-09-29
POS-00376,EQ-GB8Z1K-0375,Equity,Vanguard Securities,GBP,5838,328.5326,326.7492,2026-09-29
POS-00377,ST-LA7KKY-0376,Structured,Summit Financial,GBP,12109,97.9936,98.052,2026-09-29
POS-00378,FI-XFF1Y3-0377,Fixed Income,Meridian Holdings,USD,65445,97.0771,96.6475,2026-09-29
POS-00379,FI-F2QCGY-0378,Fixed Income,Pacific Securities,EUR,26051,103.1872,103.7779,2026-09-29
POS-00380,CM-EEPI6T-0379,Commodity,Atlantic Capital,USD,1378,1545.6928,1526.8227,2026-09-29
POS-00381,FX-ZUCC1B-0380,FX Forward,Apex Trading,EUR/USD,1551521,0.7674,0.7595,2026-09-29
POS-00382,ST-CCJ3OX-0381,Structured,GlobalBank Corp,GBP,14834,113.8474,114.3374,2026-09-29
POS-00383,CM-MAFVKM-0382,Commodity,Citadel Markets,USD,627,677.6402,676.8636,2026-09-29
POS-00384,FI-4C26QL-0383,Fixed Income,Eagle Point Trading,AUD,98240,93.3015,92.8514,2026-09-29
POS-00385,FI-CVCYID-0384,Fixed Income,GlobalBank Corp,USD,19667,102.7608,102.0827,2026-09-29
POS-00386,ST-XYGZU9-0385,Structured,Horizon Investments,USD,13721,115.2838,114.6802,2026-09-29
POS-00387,CM-ZABSW7-0386,Commodity,Eagle Point Trading,EUR,1294,364.5062,364.0782,2026-09-29
POS-00388,ST-9C70F5-0387,Structured,Pacific Securities,USD,3294,87.7339,87.8012,2026-09-29
POS-00389,EQ-ITRZHX-0388,Equity,Eagle Point Trading,EUR,3941,56.1768,56.1087,2026-09-29
POS-00390,DV-U7T1L7-0389,Derivative,Citadel Markets,EUR,45842,46.3281,46.4837,2026-09-29
POS-00391,FX-DAICHD-0390,FX Forward,Emerald Trust,EUR/USD,3153111,1.5561,1.5519,2026-09-29
POS-00392,EQ-M9VYF4-0391,Equity,Eagle Point Trading,USD,6147,147.1951,147.4884,2026-09-29
POS-00393,FX-A4JT3B-0392,FX Forward,Eagle Point Trading,GBP/USD,3492982,0.7095,0.7085,2026-09-29
POS-00394,FX-9YQHKX-0393,FX Forward,Apex Trading,USD/JPY,881917,0.6673,0.6682,2026-09-29
POS-00395,EQ-PNDSFA-0394,Equity,Atlantic Capital,AUD,2492,183.4567,184.0501,2026-09-29
POS-00396,FI-KX68UZ-0395,Fixed Income,Northstar Financial,USD,14070,101.4726,101.1244,2026-09-29
POS-00397,DV-EK2W5K-0396,Derivative,Horizon Investments,AUD,25642,14.3199,14.2751,2026-09-29
POS-00398,EQ-TYBJ2D-0397,Equity,Atlantic Capital,USD,2811,35.9109,31.0578,2026-09-29
POS-00399,FI-UFZKCA-0398,Fixed Income,Horizon Investments,USD,7321,93.816,93.7756,2026-09-29
POS-00400,FI-IM8LF7-0399,Fixed Income,Emerald Trust,EUR,18155,103.9806,104.1985,2026-09-29
POS-00401,FI-XT3GRO-0400,Fixed Income,Sterling Partners,USD,95459,103.5405,103.2928,2026-09-29
POS-00402,ST-DBJDDF-0401,Structured,Pacific Securities,EUR,1092,108.5653,96.8422,2026-09-29
POS-00403,CM-WEPQMW-0402,Commodity,Fortress Capital,EUR,2732,991.2469,984.2245,2026-09-29
POS-00404,EQ-RN18R5-0403,Equity,Horizon Investments,USD,1442,166.343,166.3952,2026-09-29
POS-00405,ST-759DZM-0404,Structured,GlobalBank Corp,USD,4515,103.4257,103.9848,2026-09-29
POS-00406,DV-AE737T-0405,Derivative,Sterling Partners,EUR,21878,4.1109,4.1347,2026-09-29
POS-00407,EQ-K5DDD2-0406,Equity,Meridian Holdings,USD,9728,355.2584,356.7636,2026-09-29
POS-00408,DV-PTVH47-0407,Derivative,Pinnacle Markets,CHF,44380,11.9864,11.9288,2026-09-29
POS-00409,EQ-SRJYAC-0408,Equity,Summit Financial,USD,1954,267.2306,267.0871,2026-09-29
POS-00410,ST-M3K6SG-0409,Structured,Apex Trading,JPY,7795,84.124,84.1404,2026-09-29
POS-00411,FX-FQY32E-0410,FX Forward,Sterling Partners,USD/CHF,3880556,1.087,1.0891,2026-09-29
POS-00412,FX-SE6BAL-0411,FX Forward,Summit Financial,USD/JPY,1532867,1.3526,1.3409,2026-09-29
POS-00413,EQ-MUYGY5-0412,Equity,Meridian Holdings,USD,2822,303.8739,302.2519,2026-09-29
POS-00414,DV-VYLVYL-0413,Derivative,Vanguard Securities,USD,18671,44.6122,44.7426,2026-09-29
POS-00415,EQ-P54AFN-0414,Equity,Horizon Investments,EUR,6156,463.2716,458.5445,2026-09-29
POS-00416,EQ-AK8BKE-0415,Equity,Citadel Markets,CAD,6685,108.7606,109.3121,2026-09-29
POS-00417,EQ-U8T78S-0416,Equity,Pinnacle Markets,USD,8803,353.851,352.3304,2026-09-29
POS-00418,CM-EXBI05-0417,Commodity,Northstar Financial,USD,3651,1391.2255,1390.0751,2026-09-29
POS-00419,EQ-D4CS4P-0418,Equity,Horizon Investments,CAD,593,407.5957,408.1288,2026-09-29
POS-00420,ST-5NJ5S0-0419,Structured,Atlantic Capital,GBP,19953,100.3229,100.4469,2026-09-29
POS-00421,FX-ERKWIP-0420,FX Forward,Vanguard Securities,EUR/USD,3944594,0.5909,0.586,2026-09-29
POS-00422,EQ-K4RMJX-0421,Equity,Atlantic Capital,USD,4085,267.811,269.0446,2026-09-29
POS-00423,EQ-55Y7P3-0422,Equity,Fortress Capital,EUR,5669,490.9274,492.4576,2026-09-29
POS-00424,EQ-FU9LPL-0423,Equity,Pinnacle Markets,EUR,170,138.7296,139.3765,2026-09-29
POS-00425,FX-BB5ND5-0424,FX Forward,Pacific Securities,GBP/USD,152402,1.6327,1.6348,2026-09-29
POS-00426,DV-Y73BY3-0425,Derivative,Sterling Partners,USD,0,49.4832,49.5524,2026-09-29
POS-00427,EQ-BK7H6B-0426,Equity,GlobalBank Corp,JPY,2649,396.7377,396.8835,2026-09-29
POS-00428,DV-QNK01D-0427,Derivative,Eagle Point Trading,EUR,19525,16.0679,16.2078,2026-09-29
POS-00429,EQ-K3PSQ2-0428,Equity,Sterling Partners,EUR,3812,219.7832,221.8444,2026-09-29
POS-00430,DV-TP6G7K-0429,Derivative,Sterling Partners,EUR,17069,41.8154,42.0779,2026-09-29
POS-00431,ST-ZTZH0H-0430,Structured,Fortress Capital,GBP,15925,99.1627,99.935,2026-09-29
POS-00432,CM-H9A84T-0431,Commodity,Vanguard Securities,USD,2861,1440.2446,1439.7728,2026-09-29
POS-00433,FX-3MOO46-0432,FX Forward,Pinnacle Markets,USD/CHF,2874020,0.5007,0.501,2026-09-29
POS-00434,DV-8ZBU0R-0433,Derivative,Pinnacle Markets,GBP,40515,14.7629,14.6256,2026-09-29
POS-00435,EQ-VZE9I8-0434,Equity,Pinnacle Markets,JPY,9197,309.4324,308.6204,2026-09-29
POS-00436,EQ-CT31TS-0435,Equity,Vanguard Securities,USD,8695,196.7237,196.6608,2026-09-29
POS-00437,EQ-9PYD7F-0436,Equity,Apex Trading,EUR,8392,33.8676,33.874,2026-09-29
POS-00438,FI-ARAFWZ-0437,Fixed Income,Meridian Holdings,USD,79737,101.9638,101.8435,2026-09-29
POS-00439,CM-IKM50T-0438,Commodity,Sterling Partners,USD,4430,668.7975,673.4482,2026-09-29
POS-00440,FX-PR99FE-0439,FX Forward,Summit Financial,USD/CHF,2324600,1.3195,1.3298,2026-09-29
POS-00441,DV-5FSKKB-0440,Derivative,Eagle Point Trading,EUR,26848,31.4768,31.5119,2026-09-29
POS-00442,EQ-7SZVSC-0441,Equity,Northstar Financial,USD,3003,452.7359,407.9734,2026-09-29
POS-00443,CM-9ARU4I-0442,Commodity,Meridian Holdings,JPY,4994,624.9633,627.9628,2026-09-29
POS-00444,EQ-FKLVNF-0443,Equity,Citadel Markets,USD,7311,46.0655,46.1189,2026-09-29
POS-00445,EQ-0W2WOV-0444,Equity,Fortress Capital,CAD,9006,202.9778,201.3188,2026-09-29
POS-00446,CM-202NKQ-0445,Commodity,Citadel Markets,USD,1157,191.2647,191.8649,2026-09-29
POS-00447,ST-3R9U50-0446,Structured,Northstar Financial,AUD,5153,91.4459,91.4734,2026-09-29
POS-00448,FX-PAS9HP-0447,FX Forward,Emerald Trust,AUD/USD,69815,0.7091,0.7148,2026-09-29
POS-00449,EQ-WHJIMX-0448,Equity,Apex Trading,EUR,3342,449.7096,446.2264,2026-09-29
POS-00450,FX-UZPNMF-0449,FX Forward,Citadel Markets,GBP/USD,1457785,1.4303,1.4327,2026-09-29
POS-00451,EQ-80QF4O-0450,Equity,Fortress Capital,EUR,7778,339.0432,339.4954,2026-09-29
POS-00452,DV-5FGHD1-0451,Derivative,Emerald Trust,EUR,38707,35.5467,29.862,2026-09-29
POS-00453,CM-OU3CHJ-0452,Commodity,Citadel Markets,EUR,3229,80.0476,79.8157,2026-09-29
POS-00454,EQ-JXGPBY-0453,Equity,Eagle Point Trading,USD,2444,132.1618,131.0631,2026-09-29
POS-00455,EQ-O1K7H6-0454,Equity,Meridian Holdings,USD,7644,50.7307,50.6387,2026-09-29
POS-00456,EQ-L6PY5T-0455,Equity,GlobalBank Corp,USD,9150,447.3509,446.1072,2026-09-29
POS-00457,ST-6OIJPM-0456,Structured,Summit Financial,USD,19408,104.0799,103.0329,2026-09-29
POS-00458,FI-N4V0KB-0457,Fixed Income,Apex Trading,JPY,78631,97.3091,96.4407,2026-09-29
POS-00459,CM-5KK5BC-0458,Commodity,Eagle Point Trading,USD,4953,991.2213,984.3501,2026-09-29
POS-00460,FX-P1DVMN-0459,FX Forward,Emerald Trust,AUD/USD,3094921,1.0764,1.0721,2026-09-29
POS-00461,FX-IVWD2T-0460,FX Forward,Summit Financial,AUD/USD,4954841,0.9464,0.9491,2026-09-29
POS-00462,EQ-PRABP0-0461,Equity,Northstar Financial,USD,4274,344.099,345.3099,2026-09-29
POS-00463,ST-UCFXLI-0462,Structured,Fortress Capital,EUR,17696,114.6673,114.7039,2026-09-29
POS-00464,FI-089U15-0463,Fixed Income,Citadel Markets,CHF,38749,106.6672,106.036,2026-09-29
POS-00465,FX-0VRFWU-0464,FX Forward,Horizon Investments,AUD/USD,4262633,1.1547,1.147,2026-09-29
POS-00466,FX-2248VI-0465,FX Forward,Sterling Partners,AUD/USD,548476,1.9018,1.9044,2026-09-29
POS-00467,FX-1QUXU6-0466,FX Forward,Pacific Securities,AUD/USD,4876065,0.8888,0.8825,2026-09-29
POS-00468,ST-822PXH-0467,Structured,Pinnacle Markets,CHF,4184,101.3921,100.4303,2026-09-29
POS-00469,EQ-EZHJ45-0468,Equity,Eagle Point Trading,USD,3164,51.5371,51.5806,2026-09-29
POS-00470,FI-1QF1WQ-0469,Fixed Income,Apex Trading,USD,35037,95.8146,95.5629,2026-09-29
POS-00471,FI-IFF9RL-0470,Fixed Income,Pinnacle Markets,USD,9750,103.0034,91.1683,2026-09-29
POS-00472,FI-4SIMIX-0471,Fixed Income,Meridian Holdings,CAD,63434,109.3714,109.2252,2026-09-29
POS-00473,EQ-X3Q2MR-0472,Equity,Horizon Investments,USD,7074,377.7328,381.4303,2026-09-29
POS-00474,EQ-XDR4K7-0473,Equity,Pinnacle Markets,EUR,2339,461.8004,464.6505,2026-09-29
POS-00475,EQ-SE7MWZ-0474,Equity,GlobalBank Corp,USD,2293,,21.4126,2026-09-29
POS-00476,FI-DUEXTX-0475,Fixed Income,Horizon Investments,EUR,78057,95.5083,95.4698,2026-09-29
POS-00477,FI-JHCLSG-0476,Fixed Income,Meridian Holdings,USD,2994,103.3459,103.322,2026-09-29
POS-00478,FX-W7J27U-0477,FX Forward,Citadel Markets,EUR/USD,4399976,0.533,0.5924,2026-09-29
POS-00479,FX-ULO9PC-0478,FX Forward,Meridian Holdings,EUR/USD,3444860,1.7581,1.7614,2026-09-29
POS-00480,FI-PWDTUB-0479,Fixed Income,Sterling Partners,EUR,72570,94.6574,95.4148,2026-09-29
POS-00481,FI-27WWWR-0480,Fixed Income,Pinnacle Markets,EUR,62471,99.8509,99.4036,2026-09-29
POS-00482,EQ-CPZY9B-0481,Equity,Eagle Point Trading,USD,7970,344.0626,344.4543,2026-09-29
POS-00483,FX-SXCVB8-0482,FX Forward,Northstar Financial,USD/JPY,1901700,1.5443,1.5582,2026-09-29
POS-00484,FI-0CKTPS-0483,Fixed Income,Meridian Holdings,USD,84769,102.5493,102.0773,2026-09-29
POS-00485,EQ-ON2FPY-0484,Equity,Fortress Capital,USD,257,23.8927,23.8276,2026-09-29
POS-00486,FI-QAMH8T-0485,Fixed Income,Meridian Holdings,EUR,1504,82.9448,102.4023,2026-09-29
POS-00487,FI-JFN4HF-0486,Fixed Income,Atlantic Capital,USD,58580,98.2671,98.2462,2026-09-29
POS-00488,EQ-9F8FA3-0487,Equity,Pinnacle Markets,GBP,5277,356.6605,359.3143,2026-09-29
POS-00489,FX-6K9IBU-0488,FX Forward,Emerald Trust,EUR/USD,4254488,1.8929,1.8934,2026-09-29
POS-00490,FX-SF4XRS-0489,FX Forward,Fortress Capital,USD/JPY,4207042,1.4242,1.4301,2026-09-29
POS-00491,CM-7BO5ET-0490,Commodity,Pacific Securities,USD,3676,1413.9118,1415.6495,2026-09-29
POS-00492,FX-3DNSYD-0491,FX Forward,Citadel Markets,USD/JPY,4412104,1.3308,1.3205,2026-09-29
POS-00493,FX-FSBR35-0492,FX Forward,Meridian Holdings,GBP/USD,2780228,0.9562,0.9574,2026-09-29
POS-00494,FI-O7TNX1-0493,Fixed Income,Pinnacle Markets,USD,86613,96.8338,96.92,2026-09-29
POS-00495,CM-5CHLUI-0494,Commodity,Sterling Partners,JPY,504,1820.1309,1821.6756,2026-09-29
POS-00496,FI-E2VISZ-0495,Fixed Income,GlobalBank Corp,EUR,7881,,96.8538,2026-09-29
POS-00497,FI-JOR2DM-0496,Fixed Income,Atlantic Capital,USD,82166,101.988,102.166,2026-09-29
POS-00498,FX-GH5LH0-0497,FX Forward,Atlantic Capital,USD/CHF,4384942,0.9449,0.943,2026-09-29
POS-00499,FI-M8W71Z-0498,Fixed Income,Atlantic Capital,EUR,7824,110.0107,109.7816,2026-09-29
POS-00500,FI-YDCOML-0499,Fixed Income,Horizon Investments,GBP,13843,94.8985,95.477,2026-09-29
POS-00212,FX-X0ZCZ0-0211,FX Forward,Pacific Securities,USD/CHF,2643036,1.2572,1.2647,2026-09-29
POS-00234,FX-VJJB8D-0233,FX Forward,Eagle Point Trading,GBP/USD,1711350,0.5476,0.5492,2026-09-29
POS-00490,FX-SF4XRS-0489,FX Forward,Fortress Capital,USD/JPY,4207042,1.4242,1.4301,2026-09-29
POS-00495,CM-5CHLUI-0494,Commodity,Sterling Partners,JPY,504,1820.1309,1821.6756,2026-09-29
POS-00230,EQ-KZQQXN-0229,Equity,Atlantic Capital,EUR,8540,114.8358,114.7771,2026-09-29
POS-00271,EQ-Q1J5NB-0270,Equity,Pacific Securities,CHF,2198,75.933,75.5553,2026-09-29
POS-00032,ST-2LDPXL-0031,Structured,Emerald Trust,EUR,18725,80.5168,81.4337,2026-09-29
POS-00439,CM-IKM50T-0438,Commodity,Sterling Partners,USD,4430,668.7975,673.4482,2026-09-29
POS-00066,FX-ZILIKF-0065,FX Forward,GlobalBank Corp,USD/CHF,417861,1.6646,1.666,2026-09-29
POS-00488,EQ-9F8FA3-0487,Equity,Pinnacle Markets,GBP,5277,356.6605,359.3143,2026-09-29
